"","school","sex","age","address","famsize","Pstatus","Medu","Fedu","Mjob","Fjob","reason","guardian","traveltime","studytime","failures","schoolsup","famsup","paid","activities","nursery","higher","internet","romantic","famrel","freetime","goout","Dalc","Walc","health","absences","G1","G2","G3"
"1","GP","F",18,"U","GT3","A",4,4,"at_home","teacher","course","mother",2,2,0,"yes","no","no","no","yes","yes","no","no",4,3,4,1,1,3,6,5,6,6
"2","GP","F",17,"U","GT3","T",1,1,"at_home","other","course","father",1,2,0,"no","yes","no","no","no","yes","yes","no",5,3,3,1,1,3,4,5,5,6
"3","GP","F",15,"U","LE3","T",1,1,"at_home","other","other","mother",1,2,3,"yes","no","yes","no","yes","yes","yes","no",4,3,2,2,3,3,10,7,8,10
"4","GP","F",15,"U","GT3","T",4,2,"health","services","home","mother",1,3,0,"no","yes","yes","yes","yes","yes","yes","yes",3,2,2,1,1,5,2,15,14,15
"5","GP","F",16,"U","GT3","T",3,3,"other","other","home","father",1,2,0,"no","yes","yes","no","yes","yes","no","no",4,3,2,1,2,5,4,6,10,10
"6","GP","M",16,"U","LE3","T",4,3,"services","other","reputation","mother",1,2,0,"no","yes","yes","yes","yes","yes","yes","no",5,4,2,1,2,5,10,15,15,15
"7","GP","M",16,"U","LE3","T",2,2,"other","other","home","mother",1,2,0,"no","no","no","no","yes","yes","yes","no",4,4,4,1,1,3,0,12,12,11
"8","GP","F",17,"U","GT3","A",4,4,"other","teacher","home","mother",2,2,0,"yes","yes","no","no","yes","yes","no","no",4,1,4,1,1,1,6,6,5,6
"9","GP","M",15,"U","LE3","A",3,2,"services","other","home","mother",1,2,0,"no","yes","yes","no","yes","yes","yes","no",4,2,2,1,1,1,0,16,18,19
"10","GP","M",15,"U","GT3","T",3,4,"other","other","home","mother",1,2,0,"no","yes","yes","yes","yes","yes","yes","no",5,5,1,1,1,5,0,14,15,15
"11","GP","F",15,"U","GT3","T",4,4,"teacher","health","reputation","mother",1,2,0,"no","yes","yes","no","yes","yes","yes","no",3,3,3,1,2,2,0,10,8,9
"12","GP","F",15,"U","GT3","T",2,1,"services","other","reputation","father",3,3,0,"no","yes","no","yes","yes","yes","yes","no",5,2,2,1,1,4,4,10,12,12
"13","GP","M",15,"U","LE3","T",4,4,"health","services","course","father",1,1,0,"no","yes","yes","yes","yes","yes","yes","no",4,3,3,1,3,5,2,14,14,14
"14","GP","M",15,"U","GT3","T",4,3,"teacher","other","course","mother",2,2,0,"no","yes","yes","no","yes","yes","yes","no",5,4,3,1,2,3,2,10,10,11
"15","GP","M",15,"U","GT3","A",2,2,"other","other","home","other",1,3,0,"no","yes","no","no","yes","yes","yes","yes",4,5,2,1,1,3,0,14,16,16
"16","GP","F",16,"U","GT3","T",4,4,"health","other","home","mother",1,1,0,"no","yes","no","no","yes","yes","yes","no",4,4,4,1,2,2,4,14,14,14
"17","GP","F",16,"U","GT3","T",4,4,"services","services","reputation","mother",1,3,0,"no","yes","yes","yes","yes","yes","yes","no",3,2,3,1,2,2,6,13,14,14
"18","GP","F",16,"U","GT3","T",3,3,"other","other","reputation","mother",3,2,0,"yes","yes","no","yes","yes","yes","no","no",5,3,2,1,1,4,4,8,10,10
"19","GP","M",17,"U","GT3","T",3,2,"services","services","course","mother",1,1,3,"no","yes","no","yes","yes","yes","yes","no",5,5,5,2,4,5,16,6,5,5
"20","GP","M",16,"U","LE3","T",4,3,"health","other","home","father",1,1,0,"no","no","yes","yes","yes","yes","yes","no",3,1,3,1,3,5,4,8,10,10
"21","GP","M",15,"U","GT3","T",4,3,"teacher","other","reputation","mother",1,2,0,"no","no","no","no","yes","yes","yes","no",4,4,1,1,1,1,0,13,14,15
"22","GP","M",15,"U","GT3","T",4,4,"health","health","other","father",1,1,0,"no","yes","yes","no","yes","yes","yes","no",5,4,2,1,1,5,0,12,15,15
"23","GP","M",16,"U","LE3","T",4,2,"teacher","other","course","mother",1,2,0,"no","no","no","yes","yes","yes","yes","no",4,5,1,1,3,5,2,15,15,16
"24","GP","M",16,"U","LE3","T",2,2,"other","other","reputation","mother",2,2,0,"no","yes","no","yes","yes","yes","yes","no",5,4,4,2,4,5,0,13,13,12
"25","GP","F",15,"R","GT3","T",2,4,"services","health","course","mother",1,3,0,"yes","yes","yes","yes","yes","yes","yes","no",4,3,2,1,1,5,2,10,9,8
"26","GP","F",16,"U","GT3","T",2,2,"services","services","home","mother",1,1,2,"no","yes","yes","no","no","yes","yes","no",1,2,2,1,3,5,14,6,9,8
"27","GP","M",15,"U","GT3","T",2,2,"other","other","home","mother",1,1,0,"no","yes","yes","no","yes","yes","yes","no",4,2,2,1,2,5,2,12,12,11
"28","GP","M",15,"U","GT3","T",4,2,"health","services","other","mother",1,1,0,"no","no","yes","no","yes","yes","yes","no",2,2,4,2,4,1,4,15,16,15
"29","GP","M",16,"U","LE3","A",3,4,"services","other","home","mother",1,2,0,"yes","yes","no","yes","yes","yes","yes","no",5,3,3,1,1,5,4,11,11,11
"30","GP","M",16,"U","GT3","T",4,4,"teacher","teacher","home","mother",1,2,0,"no","yes","yes","yes","yes","yes","yes","yes",4,4,5,5,5,5,16,10,12,11
"31","GP","M",15,"U","GT3","T",4,4,"health","services","home","mother",1,2,0,"no","yes","yes","no","no","yes","yes","no",5,4,2,3,4,5,0,9,11,12
"32","GP","M",15,"U","GT3","T",4,4,"services","services","reputation","mother",2,2,0,"no","yes","no","yes","yes","yes","yes","no",4,3,1,1,1,5,0,17,16,17
"33","GP","M",15,"R","GT3","T",4,3,"teacher","at_home","course","mother",1,2,0,"no","yes","no","yes","yes","yes","yes","yes",4,5,2,1,1,5,0,17,16,16
"34","GP","M",15,"U","LE3","T",3,3,"other","other","course","mother",1,2,0,"no","no","no","yes","no","yes","yes","no",5,3,2,1,1,2,0,8,10,12
"35","GP","M",16,"U","GT3","T",3,2,"other","other","home","mother",1,1,0,"no","yes","yes","no","no","yes","yes","no",5,4,3,1,1,5,0,12,14,15
"36","GP","F",15,"U","GT3","T",2,3,"other","other","other","father",2,1,0,"no","yes","no","yes","yes","yes","no","no",3,5,1,1,1,5,0,8,7,6
"37","GP","M",15,"U","LE3","T",4,3,"teacher","services","home","mother",1,3,0,"no","yes","no","yes","yes","yes","yes","no",5,4,3,1,1,4,2,15,16,18
"38","GP","M",16,"R","GT3","A",4,4,"other","teacher","reputation","mother",2,3,0,"no","yes","no","yes","yes","yes","yes","yes",2,4,3,1,1,5,7,15,16,15
"39","GP","F",15,"R","GT3","T",3,4,"services","health","course","mother",1,3,0,"yes","yes","yes","yes","yes","yes","yes","no",4,3,2,1,1,5,2,12,12,11
"40","GP","F",15,"R","GT3","T",2,2,"at_home","other","reputation","mother",1,1,0,"yes","yes","yes","yes","yes","yes","no","no",4,3,1,1,1,2,8,14,13,13
"41","GP","F",16,"U","LE3","T",2,2,"other","other","home","mother",2,2,1,"no","yes","no","yes","no","yes","yes","yes",3,3,3,1,2,3,25,7,10,11
"42","GP","M",15,"U","LE3","T",4,4,"teacher","other","home","other",1,1,0,"no","yes","no","no","no","yes","yes","yes",5,4,3,2,4,5,8,12,12,12
"43","GP","M",15,"U","GT3","T",4,4,"services","teacher","course","father",1,2,0,"no","yes","no","yes","yes","yes","yes","no",4,3,3,1,1,5,2,19,18,18
"44","GP","M",15,"U","GT3","T",2,2,"services","services","course","father",1,1,0,"yes","yes","no","no","yes","yes","yes","no",5,4,1,1,1,1,0,8,8,11
"45","GP","F",16,"U","LE3","T",2,2,"other","at_home","course","father",2,2,1,"yes","no","no","yes","yes","yes","yes","no",4,3,3,2,2,5,14,10,10,9
"46","GP","F",15,"U","LE3","A",4,3,"other","other","course","mother",1,2,0,"yes","yes","yes","yes","yes","yes","yes","yes",5,2,2,1,1,5,8,8,8,6
"47","GP","F",16,"U","LE3","A",3,3,"other","services","home","mother",1,2,0,"no","yes","no","no","yes","yes","yes","no",2,3,5,1,4,3,12,11,12,11
"48","GP","M",16,"U","GT3","T",4,3,"health","services","reputation","mother",1,4,0,"no","no","no","yes","yes","yes","yes","no",4,2,2,1,1,2,4,19,19,20
"49","GP","M",15,"U","GT3","T",4,2,"teacher","other","home","mother",1,2,0,"no","yes","yes","no","yes","yes","no","no",4,3,3,2,2,5,2,15,15,14
"50","GP","F",15,"U","GT3","T",4,4,"services","teacher","other","father",1,2,1,"yes","yes","no","yes","no","yes","yes","no",4,4,4,1,1,3,2,7,7,7
"51","GP","F",16,"U","LE3","T",2,2,"services","services","course","mother",3,2,0,"no","yes","yes","no","yes","yes","yes","no",4,3,3,2,3,4,2,12,13,13
"52","GP","F",15,"U","LE3","T",4,2,"health","other","other","mother",1,2,0,"no","yes","yes","no","yes","yes","yes","no",4,3,3,1,1,5,2,11,13,13
"53","GP","M",15,"U","LE3","A",4,2,"health","health","other","father",2,1,1,"no","no","no","no","yes","yes","no","no",5,5,5,3,4,5,6,11,11,10
"54","GP","F",15,"U","GT3","T",4,4,"services","services","course","mother",1,1,0,"yes","yes","yes","no","yes","yes","yes","no",3,3,4,2,3,5,0,8,10,11
"55","GP","F",15,"U","LE3","A",3,3,"other","other","other","mother",1,1,0,"no","no","yes","no","yes","yes","yes","no",5,3,4,4,4,1,6,10,13,13
"56","GP","F",16,"U","GT3","A",2,1,"other","other","other","mother",1,2,0,"no","no","yes","yes","yes","yes","yes","yes",5,3,4,1,1,2,8,8,9,10
"57","GP","F",15,"U","GT3","A",4,3,"services","services","reputation","mother",1,2,0,"no","yes","yes","yes","yes","yes","yes","no",4,3,2,1,1,1,0,14,15,15
"58","GP","M",15,"U","GT3","T",4,4,"teacher","health","reputation","mother",1,2,0,"no","yes","no","yes","yes","yes","no","no",3,2,2,1,1,5,4,14,15,15
"59","GP","M",15,"U","LE3","T",1,2,"other","at_home","home","father",1,2,0,"yes","yes","no","yes","yes","yes","yes","no",4,3,2,1,1,5,2,9,10,9
"60","GP","F",16,"U","GT3","T",4,2,"services","other","course","mother",1,2,0,"no","yes","no","no","yes","yes","yes","no",4,2,3,1,1,5,2,15,16,16
"61","GP","F",16,"R","GT3","T",4,4,"health","teacher","other","mother",1,2,0,"no","yes","no","yes","yes","yes","no","no",2,4,4,2,3,4,6,10,11,11
"62","GP","F",16,"U","GT3","T",1,1,"services","services","course","father",4,1,0,"yes","yes","no","yes","no","yes","yes","yes",5,5,5,5,5,5,6,10,8,11
"63","GP","F",16,"U","LE3","T",1,2,"other","services","reputation","father",1,2,0,"yes","no","no","yes","yes","yes","yes","no",4,4,3,1,1,1,4,8,10,9
"64","GP","F",16,"U","GT3","T",4,3,"teacher","health","home","mother",1,3,0,"yes","yes","yes","yes","yes","yes","yes","no",3,4,4,2,4,4,2,10,9,9
"65","GP","F",15,"U","LE3","T",4,3,"services","services","reputation","father",1,2,0,"yes","no","no","yes","yes","yes","yes","yes",4,4,4,2,4,2,0,10,10,10
"66","GP","F",16,"U","LE3","T",4,3,"teacher","services","course","mother",3,2,0,"no","yes","no","yes","yes","yes","yes","no",5,4,3,1,2,1,2,16,15,15
"67","GP","M",15,"U","GT3","A",4,4,"other","services","reputation","mother",1,4,0,"no","yes","no","yes","no","yes","yes","yes",1,3,3,5,5,3,4,13,13,12
"68","GP","F",16,"U","GT3","T",3,1,"services","other","course","mother",1,4,0,"yes","yes","yes","no","yes","yes","yes","no",4,3,3,1,2,5,4,7,7,6
"69","GP","F",15,"R","LE3","T",2,2,"health","services","reputation","mother",2,2,0,"yes","yes","yes","no","yes","yes","yes","no",4,1,3,1,3,4,2,8,9,8
"70","GP","F",15,"R","LE3","T",3,1,"other","other","reputation","father",2,4,0,"no","yes","no","no","no","yes","yes","no",4,4,2,2,3,3,12,16,16,16
"71","GP","M",16,"U","GT3","T",3,1,"other","other","reputation","father",2,4,0,"no","yes","yes","no","yes","yes","yes","no",4,3,2,1,1,5,0,13,15,15
"72","GP","M",15,"U","GT3","T",4,2,"other","other","course","mother",1,4,0,"no","no","no","no","yes","yes","yes","no",3,3,3,1,1,3,0,10,10,10
"73","GP","F",15,"R","GT3","T",1,1,"other","other","reputation","mother",1,2,2,"yes","yes","no","no","no","yes","yes","yes",3,3,4,2,4,5,2,8,6,5
"74","GP","M",16,"U","GT3","T",3,1,"other","other","reputation","mother",1,1,0,"no","no","no","yes","yes","yes","no","no",5,3,2,2,2,5,2,12,12,14
"75","GP","F",16,"U","GT3","T",3,3,"other","services","home","mother",1,2,0,"yes","yes","yes","yes","yes","yes","yes","no",4,3,3,2,4,5,54,11,12,11
"76","GP","M",15,"U","GT3","T",4,3,"teacher","other","home","mother",1,2,0,"no","yes","yes","yes","yes","yes","yes","no",4,3,3,2,3,5,6,9,9,10
"77","GP","M",15,"U","GT3","T",4,0,"teacher","other","course","mother",2,4,0,"no","no","no","yes","yes","yes","yes","no",3,4,3,1,1,1,8,11,11,10
"78","GP","F",16,"U","GT3","T",2,2,"other","other","reputation","mother",1,4,0,"no","no","yes","no","yes","yes","yes","yes",5,2,3,1,3,3,0,11,11,11
"79","GP","M",17,"U","GT3","T",2,1,"other","other","home","mother",2,1,3,"yes","yes","no","yes","yes","no","yes","no",4,5,1,1,1,3,2,8,8,10
"80","GP","F",16,"U","GT3","T",3,4,"at_home","other","course","mother",1,2,0,"no","yes","no","no","yes","yes","yes","no",2,4,3,1,2,3,12,5,5,5
"81","GP","M",15,"U","GT3","T",2,3,"other","services","course","father",1,1,0,"yes","yes","yes","yes","no","yes","yes","yes",3,2,2,1,3,3,2,10,12,12
"82","GP","M",15,"U","GT3","T",2,3,"other","other","home","mother",1,3,0,"yes","no","yes","no","no","yes","yes","no",5,3,2,1,2,5,4,11,10,11
"83","GP","F",15,"U","LE3","T",3,2,"services","other","reputation","mother",1,2,0,"no","yes","yes","no","yes","yes","yes","no",4,4,4,1,1,5,10,7,6,6
"84","GP","M",15,"U","LE3","T",2,2,"services","services","home","mother",2,2,0,"no","no","yes","yes","yes","yes","yes","no",5,3,3,1,3,4,4,15,15,15
"85","GP","F",15,"U","GT3","T",1,1,"other","other","home","father",1,2,0,"no","yes","no","yes","no","yes","yes","no",4,3,2,2,3,4,2,9,10,10
"86","GP","F",15,"U","GT3","T",4,4,"services","services","reputation","father",2,2,2,"no","no","yes","no","yes","yes","yes","yes",4,4,4,2,3,5,6,7,9,8
"87","GP","F",16,"U","LE3","T",2,2,"at_home","other","course","mother",1,2,0,"no","yes","no","no","yes","yes","no","no",4,3,4,1,2,2,4,8,7,6
"88","GP","F",15,"U","GT3","T",4,2,"other","other","reputation","mother",1,3,0,"no","yes","no","yes","yes","yes","yes","no",5,3,3,1,3,1,4,13,14,14
"89","GP","M",16,"U","GT3","T",2,2,"services","other","reputation","father",2,2,1,"no","no","yes","yes","no","yes","yes","no",4,4,2,1,1,3,12,11,10,10
"90","GP","M",16,"U","LE3","A",4,4,"teacher","health","reputation","mother",1,2,0,"no","yes","no","no","yes","yes","no","no",4,1,3,3,5,5,18,8,6,7
"91","GP","F",16,"U","GT3","T",3,3,"other","other","home","mother",1,3,0,"no","yes","yes","no","yes","yes","yes","yes",4,3,3,1,3,4,0,7,7,8
"92","GP","F",15,"U","GT3","T",4,3,"services","other","reputation","mother",1,1,0,"no","no","yes","yes","yes","yes","yes","no",4,5,5,1,3,1,4,16,17,18
"93","GP","F",16,"U","LE3","T",3,1,"other","other","home","father",1,2,0,"yes","yes","no","no","yes","yes","no","no",3,3,3,2,3,2,4,7,6,6
"94","GP","F",16,"U","GT3","T",4,2,"teacher","services","home","mother",2,2,0,"no","yes","yes","yes","yes","yes","yes","no",5,3,3,1,1,1,0,11,10,10
"95","GP","M",15,"U","LE3","T",2,2,"services","health","reputation","mother",1,4,0,"no","yes","no","yes","yes","yes","yes","no",4,3,4,1,1,4,6,11,13,14
"96","GP","F",15,"R","GT3","T",1,1,"at_home","other","home","mother",2,4,1,"yes","yes","yes","yes","yes","yes","yes","no",3,1,2,1,1,1,2,7,10,10
"97","GP","M",16,"R","GT3","T",4,3,"services","other","reputation","mother",2,1,0,"yes","yes","no","yes","no","yes","yes","no",3,3,3,1,1,4,2,11,15,15
"98","GP","F",16,"U","GT3","T",2,1,"other","other","course","mother",1,2,0,"no","yes","yes","no","yes","yes","no","yes",4,3,5,1,1,5,2,8,9,10
"99","GP","F",16,"U","GT3","T",4,4,"other","other","reputation","mother",1,1,0,"no","no","no","yes","no","yes","yes","no",5,3,4,1,2,1,6,11,14,14
"100","GP","F",16,"U","GT3","T",4,3,"other","at_home","course","mother",1,3,0,"yes","yes","yes","no","yes","yes","yes","no",5,3,5,1,1,3,0,7,9,8
"101","GP","M",16,"U","GT3","T",4,4,"services","services","other","mother",1,1,0,"yes","yes","yes","yes","yes","yes","yes","no",4,5,5,5,5,4,14,7,7,5
"102","GP","M",16,"U","GT3","T",4,4,"services","teacher","other","father",1,3,0,"no","yes","no","yes","yes","yes","yes","yes",4,4,3,1,1,4,0,16,17,17
"103","GP","M",15,"U","GT3","T",4,4,"services","other","course","mother",1,1,0,"no","yes","no","yes","no","yes","yes","no",5,3,3,1,1,5,4,10,13,14
"104","GP","F",15,"U","GT3","T",3,2,"services","other","home","mother",2,2,0,"yes","yes","yes","no","yes","yes","yes","no",4,3,5,1,1,2,26,7,6,6
"105","GP","M",15,"U","GT3","A",3,4,"services","other","course","mother",1,2,0,"no","yes","yes","yes","yes","yes","yes","no",5,4,4,1,1,1,0,16,18,18
"106","GP","F",15,"U","GT3","A",3,3,"other","health","reputation","father",1,4,0,"yes","no","no","no","yes","yes","no","no",4,3,3,1,1,4,10,10,11,11
"107","GP","F",15,"U","GT3","T",2,2,"other","other","course","mother",1,4,0,"yes","yes","yes","no","yes","yes","yes","no",5,1,2,1,1,3,8,7,8,8
"108","GP","M",16,"U","GT3","T",3,3,"services","other","home","father",1,3,0,"no","yes","no","yes","yes","yes","yes","no",5,3,3,1,1,5,2,16,18,18
"109","GP","M",15,"R","GT3","T",4,4,"other","other","home","father",4,4,0,"no","yes","yes","yes","yes","yes","yes","yes",1,3,5,3,5,1,6,10,13,13
"110","GP","F",16,"U","LE3","T",4,4,"health","health","other","mother",1,3,0,"no","yes","yes","yes","yes","yes","yes","yes",5,4,5,1,1,4,4,14,15,16
"111","GP","M",15,"U","LE3","A",4,4,"teacher","teacher","course","mother",1,1,0,"no","no","no","yes","yes","yes","yes","no",5,5,3,1,1,4,6,18,19,19
"112","GP","F",16,"R","GT3","T",3,3,"services","other","reputation","father",1,3,1,"yes","yes","no","yes","yes","yes","yes","no",4,1,2,1,1,2,0,7,10,10
"113","GP","F",16,"U","GT3","T",2,2,"at_home","other","home","mother",1,2,1,"yes","no","no","yes","yes","yes","yes","no",3,1,2,1,1,5,6,10,13,13
"114","GP","M",15,"U","LE3","T",4,2,"teacher","other","course","mother",1,1,0,"no","no","no","no","yes","yes","yes","no",3,5,2,1,1,3,10,18,19,19
"115","GP","M",15,"R","GT3","T",2,1,"health","services","reputation","mother",1,2,0,"no","no","no","yes","yes","yes","yes","yes",5,4,2,1,1,5,8,9,9,9
"116","GP","M",16,"U","GT3","T",4,4,"teacher","teacher","course","father",1,2,0,"no","yes","no","yes","yes","yes","yes","no",5,4,4,1,2,5,2,15,15,16
"117","GP","M",15,"U","GT3","T",4,4,"other","teacher","reputation","father",2,2,0,"no","yes","no","yes","yes","yes","no","no",4,4,3,1,1,2,2,11,13,14
"118","GP","M",16,"U","GT3","T",3,3,"other","services","home","father",2,1,0,"no","no","no","yes","yes","yes","yes","no",5,4,2,1,1,5,0,13,14,13
"119","GP","M",17,"R","GT3","T",1,3,"other","other","course","father",3,2,1,"no","yes","no","yes","yes","yes","yes","no",5,2,4,1,4,5,20,9,7,8
"120","GP","M",15,"U","GT3","T",3,4,"other","other","reputation","father",1,1,0,"no","no","no","no","yes","yes","yes","no",3,4,3,1,2,4,6,14,13,13
"121","GP","F",15,"U","GT3","T",1,2,"at_home","services","course","mother",1,2,0,"no","no","no","no","no","yes","yes","no",3,2,3,1,2,1,2,16,15,15
"122","GP","M",15,"U","GT3","T",2,2,"services","services","home","father",1,4,0,"no","yes","yes","yes","yes","yes","yes","no",5,5,4,1,2,5,6,16,14,15
"123","GP","F",16,"U","LE3","T",2,4,"other","health","course","father",2,2,0,"no","yes","yes","yes","yes","yes","yes","yes",4,2,2,1,2,5,2,13,13,13
"124","GP","M",16,"U","GT3","T",4,4,"health","other","course","mother",1,1,0,"no","yes","no","yes","yes","yes","yes","no",3,4,4,1,4,5,18,14,11,13
"125","GP","F",16,"U","GT3","T",2,2,"other","other","home","mother",1,2,0,"no","no","yes","no","yes","yes","yes","yes",5,4,4,1,1,5,0,8,7,8
"126","GP","M",15,"U","GT3","T",3,4,"services","services","home","father",1,1,0,"yes","no","no","no","yes","yes","yes","no",5,5,5,3,2,5,0,13,13,12
"127","GP","F",15,"U","LE3","A",3,4,"other","other","home","mother",1,2,0,"yes","no","no","yes","yes","yes","yes","yes",5,3,2,1,1,1,0,7,10,11
"128","GP","F",19,"U","GT3","T",0,1,"at_home","other","course","other",1,2,3,"no","yes","no","no","no","no","no","no",3,4,2,1,1,5,2,7,8,9
"129","GP","M",16,"R","GT3","T",4,4,"teacher","teacher","course","mother",1,1,0,"no","no","yes","yes","yes","yes","yes","no",3,5,5,2,5,4,8,18,18,18
"130","GP","F",17,"U","LE3","T",2,2,"other","other","course","father",1,1,0,"no","yes","no","no","yes","yes","yes","yes",3,4,4,1,3,5,12,10,13,12
"131","GP","F",16,"U","GT3","A",3,4,"services","other","course","father",1,1,0,"no","no","no","no","yes","yes","yes","no",3,2,1,1,4,5,16,12,11,11
"132","GP","M",16,"U","LE3","T",1,1,"services","other","course","mother",1,2,1,"no","no","no","no","yes","yes","no","yes",4,4,4,1,3,5,0,14,12,12
"133","GP","F",15,"U","GT3","T",4,4,"teacher","teacher","course","mother",2,1,0,"no","no","no","yes","yes","yes","yes","no",4,3,2,1,1,5,0,16,16,15
"134","GP","M",16,"U","LE3","T",2,2,"services","services","reputation","father",2,1,2,"no","yes","no","yes","yes","yes","yes","no",2,3,3,2,2,2,8,9,9,9
"135","GP","F",15,"U","GT3","T",4,4,"teacher","services","course","mother",1,3,0,"no","yes","yes","yes","yes","yes","yes","no",4,2,2,1,1,5,2,9,11,11
"136","GP","F",16,"U","LE3","T",1,1,"at_home","at_home","course","mother",1,1,0,"no","no","no","no","yes","yes","yes","no",3,4,4,3,3,1,2,14,14,13
"137","GP","F",15,"U","GT3","T",1,1,"other","services","course","father",1,2,0,"no","yes","yes","no","yes","yes","yes","no",4,4,2,1,2,5,0,8,11,11
"138","GP","F",15,"U","GT3","T",1,2,"at_home","other","course","mother",1,2,0,"no","yes","yes","no","no","yes","yes","no",4,3,2,1,1,5,2,10,11,11
"139","GP","M",15,"U","LE3","A",2,1,"services","other","course","mother",4,1,3,"no","no","no","no","yes","yes","yes","no",4,5,5,2,5,5,0,8,9,10
"140","GP","M",16,"U","LE3","T",2,1,"at_home","other","course","mother",1,1,1,"no","no","no","yes","yes","yes","no","yes",4,4,4,3,5,5,6,12,13,14
"141","GP","F",15,"R","GT3","T",3,3,"services","services","reputation","other",2,3,2,"no","yes","yes","yes","yes","yes","yes","yes",4,2,1,2,3,3,8,10,10,10
"142","GP","F",17,"U","GT3","T",4,4,"other","teacher","course","mother",1,1,0,"yes","yes","no","no","yes","yes","no","yes",4,2,1,1,1,4,0,11,11,12
"143","GP","M",15,"R","GT3","T",2,3,"at_home","services","course","mother",1,2,0,"yes","no","yes","yes","yes","yes","no","no",4,4,4,1,1,1,2,11,8,8
"144","GP","M",17,"R","LE3","T",1,2,"other","other","reputation","mother",1,1,0,"no","no","no","no","yes","yes","no","no",2,2,2,3,3,5,8,16,12,13
"145","GP","F",18,"R","GT3","T",1,1,"at_home","other","course","mother",3,1,3,"no","yes","no","yes","no","yes","no","no",5,2,5,1,5,4,6,9,8,10
"146","GP","M",16,"R","GT3","T",2,2,"at_home","other","course","mother",3,1,0,"no","no","no","no","no","yes","no","no",4,2,2,1,2,3,2,17,15,15
"147","GP","M",16,"U","GT3","T",3,3,"other","services","course","father",1,2,1,"no","yes","yes","no","yes","yes","yes","yes",4,5,5,4,4,5,4,10,12,12
"148","GP","M",15,"R","GT3","T",3,2,"other","other","course","mother",2,2,2,"yes","yes","no","no","yes","yes","yes","yes",4,4,4,1,4,3,6,5,9,7
"149","GP","M",17,"U","GT3","T",1,3,"at_home","services","course","father",1,1,0,"no","no","no","no","yes","no","yes","no",5,3,3,1,4,2,2,10,10,10
"150","GP","M",17,"R","LE3","T",1,1,"other","services","course","mother",4,2,3,"no","no","no","yes","yes","no","no","yes",5,3,5,1,5,5,0,5,8,7
"151","GP","M",16,"U","GT3","T",3,2,"services","services","course","mother",2,1,1,"no","yes","no","yes","no","no","no","no",4,5,2,1,1,2,16,12,11,12
"152","GP","M",16,"U","GT3","T",2,2,"other","other","course","father",1,2,0,"no","no","no","no","yes","no","yes","no",4,3,5,2,4,4,4,10,10,10
"153","GP","F",16,"U","GT3","T",4,2,"health","services","home","father",1,2,0,"no","no","yes","no","yes","yes","yes","yes",4,2,3,1,1,3,0,14,15,16
"154","GP","F",16,"U","GT3","T",4,4,"health","health","reputation","mother",1,2,0,"no","yes","yes","no","yes","yes","yes","yes",4,4,2,1,1,3,0,14,14,14
"155","GP","M",16,"U","GT3","T",1,0,"other","other","reputation","mother",2,2,0,"no","yes","yes","yes","yes","yes","yes","yes",4,3,2,1,1,3,2,13,15,16
"156","GP","M",17,"U","LE3","T",4,4,"teacher","other","reputation","mother",1,2,0,"no","yes","yes","yes","yes","yes","yes","no",4,4,4,1,3,5,0,13,11,10
"157","GP","F",16,"U","LE3","T",3,3,"other","other","reputation","mother",2,2,0,"no","yes","yes","yes","yes","yes","yes","no",4,4,5,1,1,4,4,10,11,9
"158","GP","M",17,"U","LE3","T",4,3,"teacher","other","course","mother",2,2,0,"no","no","yes","yes","yes","yes","yes","no",4,4,4,4,4,4,4,10,9,9
"159","GP","F",16,"U","GT3","T",2,2,"services","other","reputation","mother",2,2,0,"no","no","yes","yes","no","yes","yes","no",3,4,4,1,4,5,2,13,13,11
"160","GP","M",17,"U","GT3","T",3,3,"other","other","reputation","father",1,2,0,"no","no","no","yes","no","yes","yes","no",4,3,4,1,4,4,4,6,5,6
"161","GP","M",16,"R","GT3","T",4,2,"teacher","services","other","mother",1,1,0,"no","yes","no","yes","yes","yes","yes","yes",4,3,3,3,4,3,10,10,8,9
"162","GP","M",17,"U","GT3","T",4,3,"other","other","course","mother",1,2,0,"no","yes","no","yes","yes","yes","yes","yes",5,2,3,1,1,2,4,10,10,11
"163","GP","M",16,"U","GT3","T",4,3,"teacher","other","home","mother",1,2,0,"no","yes","yes","yes","yes","yes","yes","no",3,4,3,2,3,3,10,9,8,8
"164","GP","M",16,"U","GT3","T",3,3,"services","other","home","mother",1,2,0,"no","no","yes","yes","yes","yes","yes","yes",4,2,3,1,2,3,2,12,13,12
"165","GP","F",17,"U","GT3","T",2,4,"services","services","reputation","father",1,2,0,"no","yes","no","yes","yes","yes","no","no",5,4,2,2,3,5,0,16,17,17
"166","GP","F",17,"U","LE3","T",3,3,"other","other","reputation","mother",1,2,0,"no","yes","no","yes","yes","yes","yes","yes",5,3,3,2,3,1,56,9,9,8
"167","GP","F",16,"U","GT3","T",3,2,"other","other","reputation","mother",1,2,0,"no","yes","yes","no","yes","yes","yes","no",1,2,2,1,2,1,14,12,13,12
"168","GP","M",17,"U","GT3","T",3,3,"services","services","other","mother",1,2,0,"no","yes","no","yes","yes","yes","yes","yes",4,3,4,2,3,4,12,12,12,11
"169","GP","M",16,"U","GT3","T",1,2,"services","services","other","mother",1,1,0,"no","yes","yes","yes","yes","yes","yes","yes",3,3,3,1,2,3,2,11,12,11
"170","GP","M",16,"U","LE3","T",2,1,"other","other","course","mother",1,2,0,"no","no","yes","yes","yes","yes","yes","yes",4,2,3,1,2,5,0,15,15,15
"171","GP","F",17,"U","GT3","A",3,3,"health","other","reputation","mother",1,2,0,"no","yes","no","no","no","yes","yes","yes",3,3,3,1,3,3,6,8,7,9
"172","GP","M",17,"R","GT3","T",1,2,"at_home","other","home","mother",1,2,0,"no","no","no","no","yes","yes","no","no",3,1,3,1,5,3,4,8,9,10
"173","GP","F",16,"U","GT3","T",2,3,"services","services","course","mother",1,2,0,"no","no","no","no","yes","yes","yes","no",4,3,3,1,1,2,10,11,12,13
"174","GP","F",17,"U","GT3","T",1,1,"at_home","services","course","mother",1,2,0,"no","no","no","yes","yes","yes","yes","no",5,3,3,1,1,3,0,8,8,9
"175","GP","M",17,"U","GT3","T",1,2,"at_home","services","other","other",2,2,0,"no","no","yes","yes","no","yes","yes","no",4,4,4,4,5,5,12,7,8,8
"176","GP","M",16,"R","GT3","T",3,3,"services","services","reputation","mother",1,1,0,"no","yes","no","yes","yes","yes","yes","no",4,3,2,3,4,5,8,8,9,10
"177","GP","M",16,"U","GT3","T",2,3,"other","other","home","father",2,1,0,"no","no","no","no","yes","yes","yes","no",5,3,3,1,1,3,0,13,14,14
"178","GP","F",17,"U","LE3","T",2,4,"services","services","course","father",1,2,0,"no","no","no","yes","yes","yes","yes","yes",4,3,2,1,1,5,0,14,15,15
"179","GP","M",17,"U","GT3","T",4,4,"services","teacher","home","mother",1,1,0,"no","no","no","no","yes","yes","yes","no",5,2,3,1,2,5,4,17,15,16
"180","GP","M",16,"R","LE3","T",3,3,"teacher","other","home","father",3,1,0,"no","yes","yes","yes","yes","yes","yes","no",3,3,4,3,5,3,8,9,9,10
"181","GP","F",17,"U","GT3","T",4,4,"services","teacher","home","mother",2,1,1,"no","yes","no","no","yes","yes","yes","no",4,2,4,2,3,2,24,18,18,18
"182","GP","F",16,"U","LE3","T",4,4,"teacher","teacher","reputation","mother",1,2,0,"no","yes","yes","no","yes","yes","yes","no",4,5,2,1,2,3,0,9,9,10
"183","GP","F",16,"U","GT3","T",4,3,"health","other","home","mother",1,2,0,"no","yes","no","yes","yes","yes","yes","no",4,3,5,1,5,2,2,16,16,16
"184","GP","F",16,"U","GT3","T",2,3,"other","other","reputation","mother",1,2,0,"yes","yes","yes","yes","yes","yes","no","no",4,4,3,1,3,4,6,8,10,10
"185","GP","F",17,"U","GT3","T",1,1,"other","other","course","mother",1,2,0,"no","yes","yes","no","no","yes","no","no",4,4,4,1,3,1,4,9,9,10
"186","GP","F",17,"R","GT3","T",2,2,"other","other","reputation","mother",1,1,0,"no","yes","no","no","yes","yes","yes","no",5,3,2,1,2,3,18,7,6,6
"187","GP","F",16,"R","GT3","T",2,2,"services","services","reputation","mother",2,4,0,"no","yes","yes","yes","no","yes","yes","no",5,3,5,1,1,5,6,10,10,11
"188","GP","F",17,"U","GT3","T",3,4,"at_home","services","home","mother",1,3,1,"no","yes","yes","no","yes","yes","yes","yes",4,4,3,3,4,5,28,10,9,9
"189","GP","F",16,"U","GT3","A",3,1,"services","other","course","mother",1,2,3,"no","yes","yes","no","yes","yes","yes","no",2,3,3,2,2,4,5,7,7,7
"190","GP","F",16,"U","GT3","T",4,3,"teacher","other","other","mother",1,2,0,"no","no","yes","yes","yes","yes","yes","yes",1,3,2,1,1,1,10,11,12,13
"191","GP","F",16,"U","GT3","T",1,1,"at_home","other","home","mother",2,1,0,"no","yes","yes","no","yes","yes","no","no",4,3,2,1,4,5,6,9,9,10
"192","GP","F",17,"R","GT3","T",4,3,"teacher","other","reputation","mother",2,3,0,"no","yes","yes","yes","yes","yes","yes","yes",4,4,2,1,1,4,6,7,7,7
"193","GP","F",19,"U","GT3","T",3,3,"other","other","reputation","other",1,4,0,"no","yes","yes","yes","yes","yes","yes","no",4,3,3,1,2,3,10,8,8,8
"194","GP","M",17,"U","LE3","T",4,4,"services","other","home","mother",1,2,0,"no","yes","yes","no","yes","yes","yes","yes",5,3,5,4,5,3,13,12,12,13
"195","GP","F",16,"U","GT3","A",2,2,"other","other","reputation","mother",1,2,0,"yes","yes","yes","no","yes","yes","yes","no",3,3,4,1,1,4,0,12,13,14
"196","GP","M",18,"U","GT3","T",2,2,"services","other","home","mother",1,2,1,"no","yes","yes","yes","yes","yes","yes","no",4,4,4,2,4,5,15,6,7,8
"197","GP","F",17,"R","LE3","T",4,4,"services","other","other","mother",1,1,0,"no","yes","yes","no","yes","yes","no","no",5,2,1,1,2,3,12,8,10,10
"198","GP","F",17,"U","LE3","T",3,2,"other","other","reputation","mother",2,2,0,"no","no","yes","no","yes","yes","yes","no",4,4,4,1,3,1,2,14,15,15
"199","GP","F",17,"U","GT3","T",4,3,"other","other","reputation","mother",1,2,2,"no","no","yes","no","yes","yes","yes","yes",3,4,5,2,4,1,22,6,6,4
"200","GP","M",18,"U","LE3","T",3,3,"services","health","home","father",1,2,1,"no","yes","yes","no","yes","yes","yes","no",3,2,4,2,4,4,13,6,6,8
"201","GP","F",17,"U","GT3","T",2,3,"at_home","other","home","father",2,1,0,"no","yes","yes","no","yes","yes","no","no",3,3,3,1,4,3,3,7,7,8
"202","GP","F",17,"U","GT3","T",2,2,"at_home","at_home","course","mother",1,3,0,"no","yes","yes","yes","yes","yes","yes","no",4,3,3,1,1,4,4,9,10,10
"203","GP","F",17,"R","GT3","T",2,1,"at_home","services","reputation","mother",2,2,0,"no","yes","no","yes","yes","yes","yes","no",4,2,5,1,2,5,2,6,6,6
"204","GP","F",16,"U","GT3","T",2,3,"services","teacher","other","mother",1,2,0,"yes","no","no","no","yes","yes","yes","no",2,3,1,1,1,3,2,16,16,17
"205","GP","M",18,"U","GT3","T",2,2,"other","other","home","mother",2,2,0,"no","yes","yes","no","yes","yes","yes","no",3,3,3,5,5,4,0,12,13,13
"206","GP","F",16,"U","GT3","T",4,4,"teacher","services","home","mother",1,3,0,"no","yes","no","yes","no","yes","yes","no",5,3,2,1,1,5,0,13,13,14
"207","GP","F",18,"R","GT3","T",3,1,"other","other","reputation","mother",1,2,1,"no","no","no","yes","yes","yes","yes","yes",5,3,3,1,1,4,16,9,8,7
"208","GP","F",17,"U","GT3","T",3,2,"other","other","course","mother",1,2,0,"no","no","no","yes","no","yes","yes","no",5,3,4,1,3,3,10,16,15,15
"209","GP","M",17,"U","LE3","T",2,3,"services","services","reputation","father",1,2,0,"no","yes","yes","no","no","yes","yes","no",5,3,3,1,3,3,2,12,11,12
"210","GP","M",18,"U","LE3","T",2,1,"at_home","other","course","mother",4,2,0,"yes","yes","yes","yes","yes","yes","yes","yes",4,3,2,4,5,3,14,10,8,9
"211","GP","F",17,"U","GT3","A",2,1,"other","other","course","mother",2,3,0,"no","no","no","yes","yes","yes","yes","yes",3,2,3,1,2,3,10,12,10,12
"212","GP","F",17,"U","LE3","T",4,3,"health","other","reputation","father",1,2,0,"no","no","no","yes","yes","yes","yes","yes",3,2,3,1,2,3,14,13,13,14
"213","GP","M",17,"R","GT3","T",2,2,"other","other","course","father",2,2,0,"no","yes","yes","yes","yes","yes","yes","no",4,5,2,1,1,1,4,11,11,11
"214","GP","M",17,"U","GT3","T",4,4,"teacher","teacher","reputation","mother",1,2,0,"yes","yes","no","yes","yes","yes","yes","yes",4,5,5,1,3,2,14,11,9,9
"215","GP","M",16,"U","GT3","T",4,4,"health","other","reputation","father",1,2,0,"no","yes","yes","yes","yes","yes","yes","no",4,2,4,2,4,1,2,14,13,13
"216","GP","M",16,"U","LE3","T",1,1,"other","other","home","mother",2,2,0,"no","yes","yes","no","yes","yes","yes","no",3,4,2,1,1,5,18,9,7,6
"217","GP","M",16,"U","GT3","T",3,2,"at_home","other","reputation","mother",2,3,0,"no","no","no","yes","yes","yes","yes","yes",5,3,3,1,3,2,10,11,9,10
"218","GP","M",17,"U","LE3","T",2,2,"other","other","home","father",1,2,0,"no","no","yes","yes","no","yes","yes","yes",4,4,2,5,5,4,4,14,13,13
"219","GP","F",16,"U","GT3","T",2,1,"other","other","home","mother",1,1,0,"no","no","no","no","yes","yes","yes","yes",4,5,2,1,1,5,20,13,12,12
"220","GP","F",17,"R","GT3","T",2,1,"at_home","services","course","mother",3,2,0,"no","no","no","yes","yes","yes","no","no",2,1,1,1,1,3,2,13,11,11
"221","GP","M",17,"U","LE3","T",4,3,"health","other","course","mother",2,2,0,"no","no","no","yes","yes","yes","yes","yes",2,5,5,1,4,5,14,12,12,12
"222","GP","M",17,"R","LE3","A",4,4,"teacher","other","course","mother",2,2,0,"no","yes","yes","no","yes","yes","yes","no",3,3,3,2,3,4,2,10,11,12
"223","GP","M",16,"U","GT3","T",4,4,"services","services","course","mother",1,1,0,"no","no","no","yes","yes","yes","yes","no",5,3,2,1,2,5,0,13,12,12
"224","GP","M",16,"U","GT3","T",2,1,"other","other","course","mother",3,1,0,"no","no","no","no","yes","yes","yes","no",4,3,3,1,1,4,6,18,18,18
"225","GP","M",17,"U","GT3","T",2,3,"other","other","course","father",2,1,0,"no","no","no","no","yes","yes","yes","no",5,2,2,1,1,2,4,12,12,13
"226","GP","M",22,"U","GT3","T",3,1,"services","services","other","mother",1,1,3,"no","no","no","no","no","no","yes","yes",5,4,5,5,5,1,16,6,8,8
"227","GP","M",18,"R","LE3","T",3,3,"other","services","course","mother",1,2,1,"no","yes","no","no","yes","yes","yes","yes",4,3,3,1,3,5,8,3,5,5
"228","GP","M",16,"U","GT3","T",0,2,"other","other","other","mother",1,1,0,"no","no","yes","no","no","yes","yes","no",4,3,2,2,4,5,0,13,15,15
"229","GP","M",18,"U","GT3","T",3,2,"services","other","course","mother",2,1,1,"no","no","no","no","yes","no","yes","no",4,4,5,2,4,5,0,6,8,8
"230","GP","M",16,"U","GT3","T",3,3,"at_home","other","reputation","other",3,2,0,"yes","yes","no","no","no","yes","yes","no",5,3,3,1,3,2,6,7,10,10
"231","GP","M",18,"U","GT3","T",2,1,"services","services","other","mother",1,1,1,"no","no","no","no","no","no","yes","no",3,2,5,2,5,5,4,6,9,8
"232","GP","M",16,"R","GT3","T",2,1,"other","other","course","mother",2,1,0,"no","no","no","yes","no","yes","no","no",3,3,2,1,3,3,0,8,9,8
"233","GP","M",17,"R","GT3","T",2,1,"other","other","course","mother",1,1,0,"no","no","no","no","no","yes","yes","no",4,4,2,2,4,5,0,8,12,12
"234","GP","M",17,"U","LE3","T",1,1,"health","other","course","mother",2,1,1,"no","yes","no","yes","yes","yes","yes","no",4,4,4,1,2,5,2,7,9,8
"235","GP","F",17,"U","LE3","T",4,2,"teacher","services","reputation","mother",1,4,0,"no","yes","yes","yes","yes","yes","yes","no",4,2,3,1,1,4,6,14,12,13
"236","GP","M",19,"U","LE3","A",4,3,"services","at_home","reputation","mother",1,2,0,"no","yes","no","no","yes","yes","yes","no",4,3,1,1,1,1,12,11,11,11
"237","GP","M",18,"U","GT3","T",2,1,"other","other","home","mother",1,2,0,"no","no","no","yes","yes","yes","yes","no",5,2,4,1,2,4,8,15,14,14
"238","GP","F",18,"U","GT3","T",4,3,"services","other","home","father",1,2,0,"no","yes","yes","no","yes","yes","yes","yes",3,1,2,1,3,2,21,17,18,18
"239","GP","M",18,"U","GT3","T",4,3,"teacher","other","course","mother",1,2,0,"no","yes","yes","no","no","yes","yes","no",4,3,2,1,1,3,2,8,8,8
"240","GP","M",18,"R","GT3","T",3,2,"other","other","course","mother",1,3,0,"no","no","no","yes","no","yes","no","no",5,3,2,1,1,3,1,13,12,12
"241","GP","F",17,"U","GT3","T",3,3,"other","other","home","mother",1,3,0,"no","no","no","yes","no","yes","no","no",3,2,3,1,1,4,4,10,9,9
"242","GP","M",18,"R","LE3","A",3,4,"other","other","reputation","mother",2,2,0,"no","yes","yes","yes","yes","yes","yes","no",4,2,5,3,4,1,13,17,17,17
"243","GP","M",17,"U","GT3","T",3,1,"services","other","other","mother",1,2,0,"no","no","yes","yes","yes","yes","yes","yes",5,4,4,3,4,5,2,9,9,10
"244","GP","F",18,"R","GT3","T",4,4,"teacher","other","reputation","mother",2,2,0,"no","no","yes","yes","yes","yes","yes","no",4,3,4,2,2,4,8,12,10,11
"245","GP","M",18,"U","GT3","T",4,2,"health","other","reputation","father",1,2,0,"no","yes","yes","yes","yes","yes","yes","yes",5,4,5,1,3,5,10,10,9,10
"246","GP","F",19,"U","GT3","T",3,3,"other","services","home","other",1,2,2,"no","yes","yes","yes","yes","yes","yes","no",4,3,5,3,3,5,15,9,9,9
"247","GP","F",18,"U","GT3","T",2,3,"other","services","reputation","father",1,4,0,"no","yes","yes","yes","yes","yes","yes","yes",4,5,5,1,3,2,4,15,14,14
"248","GP","F",18,"U","LE3","T",1,1,"other","other","home","mother",2,2,0,"no","yes","yes","no","no","yes","no","no",4,4,3,1,1,3,2,11,11,11
"249","GP","M",17,"R","GT3","T",1,2,"at_home","at_home","home","mother",1,2,0,"no","yes","yes","yes","no","yes","no","yes",3,5,2,2,2,1,2,15,14,14
"250","GP","F",17,"U","GT3","T",2,4,"at_home","health","reputation","mother",2,2,0,"no","yes","yes","no","yes","yes","yes","yes",4,3,3,1,1,1,2,10,10,10
"251","GP","F",17,"U","LE3","T",2,2,"services","other","course","mother",2,2,0,"yes","yes","yes","no","yes","yes","yes","yes",4,4,4,2,3,5,6,12,12,12
"252","GP","F",18,"R","GT3","A",3,2,"other","services","home","mother",2,2,0,"no","no","no","no","no","no","yes","yes",4,1,1,1,1,5,75,10,9,9
"253","GP","M",18,"U","GT3","T",4,4,"teacher","services","home","mother",2,1,0,"no","no","yes","yes","yes","yes","yes","no",3,2,4,1,4,3,22,9,9,9
"254","GP","F",18,"U","GT3","T",4,4,"health","health","reputation","father",1,2,1,"yes","yes","no","yes","yes","yes","yes","yes",2,4,4,1,1,4,15,9,8,8
"255","GP","M",18,"U","LE3","T",4,3,"teacher","services","course","mother",2,1,0,"no","no","yes","yes","yes","yes","yes","no",4,2,3,1,2,1,8,10,11,10
"256","GP","M",17,"U","LE3","A",4,1,"services","other","home","mother",2,1,0,"no","no","yes","yes","yes","yes","yes","yes",4,5,4,2,4,5,30,8,8,8
"257","GP","M",17,"U","LE3","A",3,2,"teacher","services","home","mother",1,1,1,"no","no","no","no","yes","yes","yes","no",4,4,4,3,4,3,19,11,9,10
"258","GP","F",18,"R","LE3","T",1,1,"at_home","other","reputation","mother",2,4,0,"no","yes","yes","yes","yes","yes","no","no",5,2,2,1,1,3,1,12,12,12
"259","GP","F",18,"U","GT3","T",1,1,"other","other","home","mother",2,2,0,"yes","no","no","yes","yes","yes","yes","no",5,4,4,1,1,4,4,8,9,10
"260","GP","F",17,"U","GT3","T",2,2,"other","other","course","mother",1,2,0,"no","yes","no","no","no","yes","yes","no",5,4,5,1,2,5,4,10,9,11
"261","GP","M",17,"U","GT3","T",1,1,"other","other","reputation","father",1,2,0,"no","no","yes","no","no","yes","yes","no",4,3,3,1,2,4,2,12,10,11
"262","GP","F",18,"U","GT3","T",2,2,"at_home","at_home","other","mother",1,3,0,"no","yes","yes","no","yes","yes","yes","no",4,3,3,1,2,2,5,18,18,19
"263","GP","F",17,"U","GT3","T",1,1,"services","teacher","reputation","mother",1,3,0,"no","yes","yes","no","yes","yes","yes","no",4,3,3,1,1,3,6,13,12,12
"264","GP","M",18,"U","GT3","T",2,1,"services","services","reputation","mother",1,3,0,"no","no","yes","yes","yes","yes","yes","no",4,2,4,1,3,2,6,15,14,14
"265","GP","M",18,"U","LE3","A",4,4,"teacher","teacher","reputation","mother",1,2,0,"no","yes","yes","yes","yes","yes","yes","no",5,4,3,1,1,2,9,15,13,15
"266","GP","M",18,"U","GT3","T",4,2,"teacher","other","home","mother",1,2,0,"no","yes","yes","yes","yes","yes","yes","yes",4,3,2,1,4,5,11,12,11,11
"267","GP","F",17,"U","GT3","T",4,3,"health","services","reputation","mother",1,3,0,"no","yes","yes","no","yes","yes","yes","no",4,2,2,1,2,3,0,15,15,15
"268","GP","F",18,"U","LE3","T",2,1,"services","at_home","reputation","mother",1,2,1,"no","no","no","no","yes","yes","yes","yes",5,4,3,1,1,5,12,12,12,13
"269","GP","F",17,"R","LE3","T",3,1,"services","other","reputation","mother",2,4,0,"no","yes","yes","no","yes","yes","no","no",3,1,2,1,1,3,6,18,18,18
"270","GP","M",18,"R","LE3","T",3,2,"services","other","reputation","mother",2,3,0,"no","yes","yes","yes","yes","yes","yes","no",5,4,2,1,1,4,8,14,13,14
"271","GP","M",17,"U","GT3","T",3,3,"health","other","home","mother",1,1,0,"no","yes","yes","no","yes","yes","yes","no",4,4,3,1,3,5,4,14,12,11
"272","GP","F",18,"U","LE3","T",4,3,"other","other","home","other",2,2,0,"no","yes","yes","no","yes","yes","yes","yes",4,4,5,1,2,2,10,10,8,8
"273","GP","F",18,"U","GT3","T",4,3,"other","other","reputation","father",1,4,0,"no","yes","yes","no","yes","yes","yes","no",4,3,3,1,1,3,0,14,13,14
"274","GP","M",18,"U","LE3","T",4,4,"teacher","teacher","home","mother",1,1,0,"no","yes","yes","no","yes","yes","yes","yes",1,4,2,2,2,1,5,16,15,16
"275","GP","F",18,"U","LE3","A",4,4,"health","other","home","mother",1,2,0,"no","yes","no","no","yes","yes","yes","yes",4,2,4,1,1,4,14,12,10,11
"276","GP","M",17,"U","LE3","T",4,4,"other","teacher","home","father",2,1,0,"no","no","yes","no","yes","yes","yes","no",4,1,1,2,2,5,0,11,11,10
"277","GP","F",17,"U","GT3","T",4,2,"other","other","reputation","mother",2,3,0,"no","yes","yes","no","yes","yes","yes","no",4,3,3,1,1,3,0,15,12,14
"278","GP","F",17,"U","GT3","T",3,2,"health","health","reputation","father",1,4,0,"no","yes","yes","yes","no","yes","yes","no",5,2,2,1,2,5,0,17,17,18
"279","GP","M",19,"U","GT3","T",3,3,"other","other","home","other",1,2,1,"no","yes","no","yes","yes","yes","yes","yes",4,4,4,1,1,3,20,15,14,13
"280","GP","F",18,"U","GT3","T",2,4,"services","at_home","reputation","other",1,2,1,"no","yes","yes","yes","yes","yes","yes","no",4,4,3,1,1,3,8,14,12,12
"281","GP","M",20,"U","GT3","A",3,2,"services","other","course","other",1,1,0,"no","no","no","yes","yes","yes","no","no",5,5,3,1,1,5,0,17,18,18
"282","GP","M",19,"U","GT3","T",4,4,"teacher","services","reputation","other",2,1,1,"no","yes","yes","no","yes","yes","yes","yes",4,3,4,1,1,4,38,8,9,8
"283","GP","M",19,"R","GT3","T",3,3,"other","services","reputation","father",1,2,1,"no","no","no","yes","yes","yes","no","yes",4,5,3,1,2,5,0,15,12,12
"284","GP","F",19,"U","LE3","T",1,1,"at_home","other","reputation","other",1,2,1,"yes","yes","no","yes","no","yes","yes","no",4,4,3,1,3,3,18,12,10,10
"285","GP","F",19,"U","GT3","T",2,1,"at_home","other","other","other",3,2,0,"no","yes","no","no","yes","no","yes","yes",3,4,1,1,1,2,20,14,12,13
"286","GP","M",19,"U","GT3","T",1,2,"other","services","course","other",1,2,1,"no","no","no","no","no","yes","yes","no",4,5,2,2,2,4,3,13,11,11
"287","GP","F",19,"U","LE3","T",3,2,"services","other","reputation","other",2,2,1,"no","yes","yes","no","no","yes","yes","yes",4,2,2,1,2,1,22,13,10,11
"288","GP","F",19,"U","GT3","T",1,1,"at_home","health","home","other",1,3,2,"no","no","no","no","no","yes","yes","yes",4,1,2,1,1,3,14,15,13,13
"289","GP","F",19,"R","GT3","T",2,3,"other","other","reputation","other",1,3,1,"no","no","no","no","yes","yes","yes","yes",4,1,2,1,1,3,40,13,11,11
"290","GP","F",18,"U","GT3","T",4,3,"other","other","course","mother",1,3,0,"no","yes","yes","yes","yes","yes","yes","yes",4,3,4,1,1,5,9,9,10,9
"291","GP","F",17,"R","GT3","T",3,4,"at_home","services","course","father",1,3,0,"no","yes","yes","yes","no","yes","yes","no",4,3,4,2,5,5,0,11,11,10
"292","GP","F",18,"U","GT3","T",4,4,"teacher","other","course","mother",1,2,0,"no","yes","yes","no","yes","yes","yes","no",4,4,4,3,3,5,2,11,11,11
"293","GP","F",17,"U","GT3","A",4,3,"services","services","course","mother",1,2,0,"no","yes","yes","no","yes","yes","yes","yes",5,2,2,1,2,5,23,13,13,13
"294","GP","F",17,"U","GT3","T",2,2,"other","other","course","mother",1,2,0,"no","yes","no","no","yes","yes","no","yes",4,2,2,1,1,3,12,11,9,9
"295","GP","F",17,"R","LE3","T",2,2,"services","services","course","mother",1,3,0,"no","yes","yes","yes","yes","yes","yes","no",3,3,2,2,2,3,3,11,11,11
"296","GP","F",17,"U","GT3","T",3,1,"services","services","course","father",1,3,0,"no","yes","no","no","no","yes","yes","no",3,4,3,2,3,5,1,12,14,15
"297","GP","F",17,"U","LE3","T",0,2,"at_home","at_home","home","father",2,3,0,"no","no","no","no","yes","yes","yes","no",3,3,3,2,3,2,0,16,15,15
"298","GP","M",18,"U","GT3","T",4,4,"other","other","course","mother",1,3,0,"no","no","no","yes","yes","yes","yes","no",4,3,3,2,2,3,3,9,12,11
"299","GP","M",17,"U","GT3","T",3,3,"other","services","reputation","mother",1,1,0,"no","no","no","yes","no","yes","yes","no",4,3,5,3,5,5,3,14,15,16
"300","GP","M",17,"R","GT3","T",2,2,"services","other","course","mother",4,1,0,"no","yes","no","no","yes","yes","yes","no",4,4,5,5,5,4,8,11,10,10
"301","GP","F",17,"U","GT3","T",4,4,"teacher","services","course","mother",1,3,0,"no","yes","yes","yes","yes","yes","yes","no",5,4,4,1,3,4,7,10,9,9
"302","GP","F",17,"U","GT3","T",4,4,"teacher","teacher","course","mother",2,3,0,"no","yes","yes","no","no","yes","yes","yes",4,3,3,1,2,4,4,14,14,14
"303","GP","M",18,"U","LE3","T",2,2,"other","other","course","mother",1,4,0,"no","yes","no","yes","yes","yes","yes","no",4,5,5,2,4,5,2,9,8,8
"304","GP","F",17,"R","GT3","T",2,4,"at_home","other","course","father",1,3,0,"no","yes","no","no","yes","yes","yes","yes",4,4,3,1,1,5,7,12,14,14
"305","GP","F",17,"U","GT3","T",3,4,"services","other","course","mother",1,3,0,"no","no","no","no","yes","yes","yes","no",4,4,5,1,3,5,16,16,15,15
"306","GP","F",19,"R","GT3","A",3,1,"services","at_home","home","other",1,3,1,"no","no","yes","no","yes","yes","no","no",5,4,3,1,2,5,12,14,13,13
"307","GP","F",18,"U","LE3","T",3,3,"services","services","home","mother",1,4,0,"no","yes","no","no","yes","yes","yes","no",5,3,3,1,1,1,7,16,15,17
"308","GP","F",17,"R","GT3","A",3,2,"other","other","home","mother",1,2,0,"no","yes","yes","no","yes","yes","yes","no",4,3,3,2,3,2,4,9,10,10
"309","GP","F",19,"U","GT3","T",2,1,"services","services","home","other",1,3,1,"no","no","yes","yes","yes","yes","yes","yes",4,3,4,1,3,3,4,11,12,11
"310","GP","M",18,"U","LE3","T",3,4,"services","other","home","mother",1,2,0,"no","no","no","yes","yes","yes","yes","yes",4,3,3,1,3,5,11,16,15,15
"311","GP","F",18,"U","GT3","T",2,3,"at_home","other","course","mother",1,3,0,"no","yes","no","no","yes","yes","yes","no",4,3,3,1,2,3,4,11,10,10
"312","GP","F",18,"U","GT3","T",3,2,"other","services","other","mother",1,3,0,"no","no","no","no","yes","yes","yes","yes",5,4,3,2,3,1,7,13,13,14
"313","GP","M",18,"R","GT3","T",4,3,"teacher","services","course","mother",1,3,0,"no","no","no","no","yes","yes","yes","yes",5,3,2,1,2,4,9,16,15,16
"314","GP","M",18,"U","GT3","T",4,3,"teacher","other","course","mother",1,3,0,"no","yes","yes","no","yes","yes","yes","yes",5,4,5,2,3,5,0,10,10,9
"315","GP","F",17,"U","GT3","T",4,3,"health","other","reputation","mother",1,3,0,"no","yes","yes","yes","yes","yes","yes","yes",4,4,3,1,3,4,0,13,15,15
"316","MS","M",18,"R","GT3","T",3,2,"other","other","course","mother",2,1,1,"no","yes","no","no","no","yes","yes","no",2,5,5,5,5,5,10,11,13,13
"317","MS","M",19,"R","GT3","T",1,1,"other","services","home","other",3,2,3,"no","no","no","no","yes","yes","yes","no",5,4,4,3,3,2,8,8,7,8
"318","MS","M",17,"U","GT3","T",3,3,"health","other","course","mother",2,2,0,"no","yes","yes","no","yes","yes","yes","no",4,5,4,2,3,3,2,13,13,13
"319","MS","M",18,"U","LE3","T",1,3,"at_home","services","course","mother",1,1,1,"no","no","no","no","yes","no","yes","yes",4,3,3,2,3,3,7,8,7,8
"320","MS","M",19,"R","GT3","T",1,1,"other","other","home","other",3,1,1,"no","yes","no","no","yes","yes","yes","no",4,4,4,3,3,5,4,8,8,8
"321","MS","M",17,"R","GT3","T",4,3,"services","other","home","mother",2,2,0,"no","yes","yes","yes","no","yes","yes","yes",4,5,5,1,3,2,4,13,11,11
"322","MS","F",18,"U","GT3","T",3,3,"services","services","course","father",1,2,0,"no","yes","no","no","yes","yes","no","yes",5,3,4,1,1,5,0,10,9,9
"323","MS","F",17,"R","GT3","T",4,4,"teacher","services","other","father",2,2,0,"no","yes","yes","yes","yes","yes","yes","no",4,3,3,1,2,5,4,12,13,13
"324","MS","F",17,"U","LE3","A",3,2,"services","other","reputation","mother",2,2,0,"no","no","no","no","yes","yes","no","yes",1,2,3,1,2,5,2,12,12,11
"325","MS","M",18,"U","LE3","T",1,1,"other","services","home","father",2,1,0,"no","no","no","no","no","yes","yes","yes",3,3,2,1,2,3,4,10,10,10
"326","MS","F",18,"U","LE3","T",1,1,"at_home","services","course","father",2,3,0,"no","no","no","no","yes","yes","yes","no",5,3,2,1,1,4,0,18,16,16
"327","MS","F",18,"R","LE3","A",1,4,"at_home","other","course","mother",3,2,0,"no","no","no","no","yes","yes","no","yes",4,3,4,1,4,5,0,13,13,13
"328","MS","M",18,"R","LE3","T",1,1,"at_home","other","other","mother",2,2,1,"no","no","no","yes","no","no","no","no",4,4,3,2,3,5,2,13,12,12
"329","MS","F",18,"U","GT3","T",3,3,"services","services","other","mother",2,2,0,"no","yes","no","no","yes","yes","yes","yes",4,3,2,1,3,3,0,11,11,10
"330","MS","F",17,"U","LE3","T",4,4,"at_home","at_home","course","mother",1,2,0,"no","yes","yes","yes","yes","yes","yes","yes",2,3,4,1,1,1,0,16,15,15
"331","MS","F",17,"R","GT3","T",1,2,"other","services","course","father",2,2,0,"no","no","no","no","no","yes","no","no",3,2,2,1,2,3,0,12,11,12
"332","MS","M",18,"R","GT3","T",1,3,"at_home","other","course","mother",2,2,0,"no","yes","yes","no","yes","yes","no","no",3,3,4,2,4,3,4,10,10,10
"333","MS","M",18,"U","LE3","T",4,4,"teacher","services","other","mother",2,3,0,"no","no","yes","no","yes","yes","yes","yes",4,2,2,2,2,5,0,13,13,13
"334","MS","F",18,"U","GT3","T",2,3,"at_home","services","course","father",2,1,0,"no","yes","yes","no","yes","yes","yes","yes",5,2,3,1,2,4,0,11,10,10
"335","MS","F",18,"R","GT3","T",4,4,"other","teacher","other","father",3,2,0,"no","yes","yes","no","no","yes","yes","yes",3,2,2,4,2,5,10,14,12,11
"336","MS","F",19,"U","LE3","T",3,2,"services","services","home","other",2,2,2,"no","no","no","yes","yes","yes","no","yes",3,2,2,1,1,3,4,7,7,9
"337","MS","M",18,"R","LE3","T",1,2,"at_home","services","other","father",3,1,0,"no","yes","yes","yes","yes","no","yes","yes",4,3,3,2,3,3,3,14,12,12
"338","MS","F",17,"U","GT3","T",2,2,"other","at_home","home","mother",1,3,0,"no","no","no","yes","yes","yes","no","yes",3,4,3,1,1,3,8,13,11,11
"339","MS","F",17,"R","GT3","T",1,2,"other","other","course","mother",1,1,0,"no","no","no","yes","yes","yes","yes","no",3,5,5,1,3,1,14,6,5,5
"340","MS","F",18,"R","LE3","T",4,4,"other","other","reputation","mother",2,3,0,"no","no","no","no","yes","yes","yes","no",5,4,4,1,1,1,0,19,18,19
"341","MS","F",18,"R","GT3","T",1,1,"other","other","home","mother",4,3,0,"no","no","no","no","yes","yes","yes","no",4,3,2,1,2,4,2,8,8,10
"342","MS","F",20,"U","GT3","T",4,2,"health","other","course","other",2,3,2,"no","yes","yes","no","no","yes","yes","yes",5,4,3,1,1,3,4,15,14,15
"343","MS","F",18,"R","LE3","T",4,4,"teacher","services","course","mother",1,2,0,"no","no","yes","yes","yes","yes","yes","no",5,4,3,3,4,2,4,8,9,10
"344","MS","F",18,"U","GT3","T",3,3,"other","other","home","mother",1,2,0,"no","no","yes","no","yes","yes","yes","yes",4,1,3,1,2,1,0,15,15,15
"345","MS","F",17,"R","GT3","T",3,1,"at_home","other","reputation","mother",1,2,0,"no","yes","yes","yes","no","yes","yes","no",4,5,4,2,3,1,17,10,10,10
"346","MS","M",18,"U","GT3","T",4,4,"teacher","teacher","home","father",1,2,0,"no","no","yes","yes","no","yes","yes","no",3,2,4,1,4,2,4,15,14,14
"347","MS","M",18,"R","GT3","T",2,1,"other","other","other","mother",2,1,0,"no","no","no","yes","no","yes","yes","yes",4,4,3,1,3,5,5,7,6,7
"348","MS","M",17,"U","GT3","T",2,3,"other","services","home","father",2,2,0,"no","no","no","yes","yes","yes","yes","no",4,4,3,1,1,3,2,11,11,10
"349","MS","M",18,"R","GT3","T",4,2,"other","other","home","father",2,1,1,"no","no","yes","no","yes","yes","no","no",5,4,3,4,3,3,14,6,5,5
"350","MS","F",18,"R","GT3","T",2,2,"at_home","other","other","mother",2,3,0,"no","no","yes","no","yes","yes","no","no",5,3,3,1,3,4,2,10,9,10
"351","MS","F",18,"R","GT3","T",4,4,"teacher","at_home","reputation","mother",3,1,0,"no","yes","yes","yes","yes","yes","yes","yes",4,4,3,2,2,5,7,6,5,6
"352","MS","F",18,"U","LE3","T",3,1,"teacher","services","course","mother",1,2,0,"no","yes","yes","no","yes","yes","yes","no",4,3,4,1,1,1,0,7,9,8
"353","MS","M",20,"U","LE3","A",2,2,"services","services","course","other",1,2,2,"no","yes","yes","no","yes","yes","no","no",5,5,4,4,5,4,11,9,9,9
"354","MS","M",17,"U","LE3","T",3,1,"services","services","course","mother",2,1,0,"no","no","no","no","no","yes","yes","no",2,4,5,3,4,2,3,14,16,16
"355","MS","M",21,"R","GT3","T",1,1,"other","other","course","other",1,1,3,"no","no","no","no","no","yes","no","no",5,5,3,3,3,3,3,10,8,7
"356","MS","M",18,"R","LE3","T",3,2,"services","other","course","mother",3,1,0,"no","no","no","no","no","yes","yes","no",4,4,1,3,4,5,0,11,12,10
"357","MS","M",19,"U","LE3","T",1,1,"other","at_home","course","father",1,1,0,"no","no","no","no","yes","yes","yes","no",3,2,3,3,3,5,5,8,9,9
